"";"CODIGOEMPLEADO";"NOMBRE"
"1";69070;"EMPLEADO 69070"
"2";68910;"EMPLEADO 68910"
"3";68828;"EMPLEADO 68828"
"4";68347;"EMPLEADO 68347"
"5";68283;"EMPLEADO 68283"
"6";68282;"EMPLEADO 68282"
"7";68269;"EMPLEADO 68269"
"8";68260;"EMPLEADO 68260"
"9";68133;"EMPLEADO 68133"
"10";68090;"EMPLEADO 68090"
"11";68046;"EMPLEADO 68046"
"12";68004;"EMPLEADO 68004"
"13";67866;"EMPLEADO 67866"
"14";67275;"EMPLEADO 67275"
"15";67226;"EMPLEADO 67226"
"16";67173;"EMPLEADO 67173"
"17";67167;"EMPLEADO 67167"
"18";66940;"EMPLEADO 66940"
"19";66927;"EMPLEADO 66927"
"20";66879;"EMPLEADO 66879"
"21";66663;"EMPLEADO 66663"
"22";66654;"EMPLEADO 66654"
"23";66650;"EMPLEADO 66650"
"24";66580;"EMPLEADO 66580"
"25";66564;"EMPLEADO 66564"
"26";66512;"EMPLEADO 66512"
"27";66386;"EMPLEADO 66386"
"28";66147;"EMPLEADO 66147"
"29";66106;"EMPLEADO 66106"
"30";65835;"EMPLEADO 65835"
"31";65609;"EMPLEADO 65609"
"32";65543;"EMPLEADO 65543"
"33";65522;"EMPLEADO 65522"
"34";65506;"EMPLEADO 65506"
"35";65475;"EMPLEADO 65475"
"36";65265;"EMPLEADO 65265"
"37";65239;"EMPLEADO 65239"
"38";65237;"EMPLEADO 65237"
"39";65160;"EMPLEADO 65160"
"40";65096;"EMPLEADO 65096"
"41";64981;"EMPLEADO 64981"
"42";64802;"EMPLEADO 64802"
"43";64776;"EMPLEADO 64776"
"44";64772;"EMPLEADO 64772"
"45";64766;"EMPLEADO 64766"
"46";64761;"EMPLEADO 64761"
"47";64703;"EMPLEADO 64703"
"48";64624;"EMPLEADO 64624"
"49";64588;"EMPLEADO 64588"
"50";64409;"EMPLEADO 64409"
"51";64339;"EMPLEADO 64339"
"52";64139;"EMPLEADO 64139"
"53";63974;"EMPLEADO 63974"
"54";63782;"EMPLEADO 63782"
"55";63772;"EMPLEADO 63772"
"56";63693;"EMPLEADO 63693"
"57";63560;"EMPLEADO 63560"
"58";63542;"EMPLEADO 63542"
"59";63489;"EMPLEADO 63489"
"60";63473;"EMPLEADO 63473"
"61";63448;"EMPLEADO 63448"
"62";63019;"EMPLEADO 63019"
"63";62955;"EMPLEADO 62955"
"64";62954;"EMPLEADO 62954"
"65";62807;"EMPLEADO 62807"
"66";62700;"EMPLEADO 62700"
"67";62403;"EMPLEADO 62403"
"68";62324;"EMPLEADO 62324"
"69";62111;"EMPLEADO 62111"
"70";62027;"EMPLEADO 62027"
"71";61682;"EMPLEADO 61682"
"72";61642;"EMPLEADO 61642"
"73";61445;"EMPLEADO 61445"
"74";61438;"EMPLEADO 61438"
"75";61433;"EMPLEADO 61433"
"76";61383;"EMPLEADO 61383"
"77";61216;"EMPLEADO 61216"
"78";61180;"EMPLEADO 61180"
"79";61075;"EMPLEADO 61075"
"80";61007;"EMPLEADO 61007"
"81";60992;"EMPLEADO 60992"
"82";60814;"EMPLEADO 60814"
"83";60802;"EMPLEADO 60802"
"84";60639;"EMPLEADO 60639"
"85";60491;"EMPLEADO 60491"
"86";60390;"EMPLEADO 60390"
"87";60279;"EMPLEADO 60279"
"88";60222;"EMPLEADO 60222"
"89";60160;"EMPLEADO 60160"
"90";59989;"EMPLEADO 59989"
"91";59783;"EMPLEADO 59783"
"92";59705;"EMPLEADO 59705"
"93";59644;"EMPLEADO 59644"
"94";59472;"EMPLEADO 59472"
"95";59429;"EMPLEADO 59429"
"96";59323;"EMPLEADO 59323"
"97";59185;"EMPLEADO 59185"
"98";59064;"EMPLEADO 59064"
"99";58645;"EMPLEADO 58645"
"100";58538;"EMPLEADO 58538"
"101";58536;"EMPLEADO 58536"
"102";58479;"EMPLEADO 58479"
"103";58144;"EMPLEADO 58144"
"104";58012;"EMPLEADO 58012"
"105";57750;"EMPLEADO 57750"
"106";57486;"EMPLEADO 57486"
"107";57398;"EMPLEADO 57398"
"108";57364;"EMPLEADO 57364"
"109";57284;"EMPLEADO 57284"
"110";57129;"EMPLEADO 57129"
"111";56845;"EMPLEADO 56845"
"112";55939;"EMPLEADO 55939"
"113";55874;"EMPLEADO 55874"
"114";55868;"EMPLEADO 55868"
"115";55705;"EMPLEADO 55705"
"116";55650;"EMPLEADO 55650"
"117";55432;"EMPLEADO 55432"
"118";55227;"EMPLEADO 55227"
"119";55131;"EMPLEADO 55131"
"120";55121;"EMPLEADO 55121"
"121";55118;"EMPLEADO 55118"
"122";55109;"EMPLEADO 55109"
"123";55084;"EMPLEADO 55084"
"124";54770;"EMPLEADO 54770"
"125";54675;"EMPLEADO 54675"
"126";54350;"EMPLEADO 54350"
"127";54281;"EMPLEADO 54281"
"128";54221;"EMPLEADO 54221"
"129";53894;"EMPLEADO 53894"
"130";53893;"EMPLEADO 53893"
"131";53525;"EMPLEADO 53525"
"132";53333;"EMPLEADO 53333"
"133";53203;"EMPLEADO 53203"
"134";52388;"EMPLEADO 52388"
"135";52385;"EMPLEADO 52385"
"136";52269;"EMPLEADO 52269"
"137";52184;"EMPLEADO 52184"
"138";52046;"EMPLEADO 52046"
"139";52023;"EMPLEADO 52023"
"140";52022;"EMPLEADO 52022"
"141";51963;"EMPLEADO 51963"
"142";51489;"EMPLEADO 51489"
"143";51066;"EMPLEADO 51066"
"144";50976;"EMPLEADO 50976"
"145";50935;"EMPLEADO 50935"
"146";50833;"EMPLEADO 50833"
"147";50714;"EMPLEADO 50714"
"148";50386;"EMPLEADO 50386"
"149";50042;"EMPLEADO 50042"
"150";49973;"EMPLEADO 49973"
"151";49960;"EMPLEADO 49960"
"152";49919;"EMPLEADO 49919"
"153";49580;"EMPLEADO 49580"
"154";49465;"EMPLEADO 49465"
"155";49341;"EMPLEADO 49341"
"156";48461;"EMPLEADO 48461"
"157";47241;"EMPLEADO 47241"
"158";45956;"EMPLEADO 45956"
"159";41794;"EMPLEADO 41794"
"160";41597;"EMPLEADO 41597"
"161";40724;"EMPLEADO 40724"
"162";40703;"EMPLEADO 40703"
"163";40301;"EMPLEADO 40301"
"164";39874;"EMPLEADO 39874"
"165";39153;"EMPLEADO 39153"
"166";38169;"EMPLEADO 38169"
"167";38160;"EMPLEADO 38160"
"168";37075;"EMPLEADO 37075"
"169";36420;"EMPLEADO 36420"
"170";35438;"EMPLEADO 35438"
"171";35358;"EMPLEADO 35358"
"172";34907;"EMPLEADO 34907"
"173";34843;"EMPLEADO 34843"
"174";30033;"EMPLEADO 30033"
"175";29967;"EMPLEADO 29967"
"176";29966;"EMPLEADO 29966"
"177";29787;"EMPLEADO 29787"
"178";29773;"EMPLEADO 29773"
"179";29111;"EMPLEADO 29111"
"180";28838;"EMPLEADO 28838"
"181";28802;"EMPLEADO 28802"
"182";28147;"EMPLEADO 28147"
"183";27954;"EMPLEADO 27954"
"184";27009;"EMPLEADO 27009"
"185";26609;"EMPLEADO 26609"
"186";26549;"EMPLEADO 26549"
"187";25659;"EMPLEADO 25659"
"188";25268;"EMPLEADO 25268"
"189";23533;"EMPLEADO 23533"
"190";23183;"EMPLEADO 23183"
"191";22527;"EMPLEADO 22527"
"192";22196;"EMPLEADO 22196"
"193";21803;"EMPLEADO 21803"
"194";21083;"EMPLEADO 21083"
"195";19634;"EMPLEADO 19634"
"196";19500;"EMPLEADO 19500"
"197";19341;"EMPLEADO 19341"
"198";19052;"EMPLEADO 19052"
"199";17731;"EMPLEADO 17731"
"200";17129;"EMPLEADO 17129"
"201";16117;"EMPLEADO 16117"
"202";15037;"EMPLEADO 15037"
"203";13021;"EMPLEADO 13021"
"204";11020;"EMPLEADO 11020"
"205";10417;"EMPLEADO 10417"
"206";10266;"EMPLEADO 10266"
"207";10247;"EMPLEADO 10247"
